{
  "name": "tenor-gif-chat",
  "title": "Tenor GIF Chat Button",
  "description": "Adiciona um botão lateral que permite pesquisar e enviar GIFs da Tenor para o chat.",
  "version": "1.0.0",
  "author": "Caio & ChatGPT",
  "minimumCoreVersion": "12.0.0",
  "compatibleCoreVersion": "12.999",
  "scripts": [
    "scripts/main.js"
  ],
  "styles": [],
  "languages": [],
  "packs": [],
  "system": [],
  "esmodules": [],
  "socket": false,
  "manifest": "https://seuusuario.github.io/tenor-gif-chat/module.json",
  "download": "https://seuusuario.github.io/tenor-gif-chat/tenor-gif-chat.zip",
  "url": "https://github.com/seuusuario/tenor-gif-chat"
}
